,NumberOfTime30-59DaysPastDueNotWorse,NumberOfTimes90DaysLate,NumberOfTime60-89DaysPastDueNotWorse,이상치_컬럼수,부도여부
1734,98,98,98,3,부도
2287,98,98,98,3,정상
3885,98,98,98,3,정상
4418,98,98,98,3,정상
4706,98,98,98,3,정상
5074,98,98,98,3,정상
6281,98,98,98,3,부도
7033,98,98,98,3,부도
7118,98,98,98,3,부도
7688,98,98,98,3,부도
8174,98,98,98,3,부도
9279,98,98,98,3,정상
9649,98,98,98,3,부도
9686,98,98,98,3,정상
10202,98,98,98,3,정상
10246,98,98,98,3,부도
11162,98,98,98,3,부도
11363,98,98,98,3,부도
12022,98,98,98,3,정상
12132,98,98,98,3,부도
12370,98,98,98,3,부도
13202,98,98,98,3,정상
14789,98,98,98,3,부도
14901,98,98,98,3,부도
16664,98,98,98,3,부도
17981,98,98,98,3,정상
18484,98,98,98,3,정상
18527,98,98,98,3,정상
18705,98,98,98,3,정상
18718,98,98,98,3,정상
19180,98,98,98,3,부도
19333,98,98,98,3,정상
19590,98,98,98,3,부도
21274,98,98,98,3,정상
21357,98,98,98,3,정상
21375,98,98,98,3,정상
22098,98,98,98,3,부도
22464,98,98,98,3,정상
23288,98,98,98,3,부도
23448,98,98,98,3,부도
23573,98,98,98,3,부도
23605,98,98,98,3,정상
23916,98,98,98,3,부도
24053,98,98,98,3,부도
24461,98,98,98,3,부도
24528,98,98,98,3,정상
25139,98,98,98,3,부도
25743,98,98,98,3,부도
25771,98,98,98,3,정상
26348,98,98,98,3,정상
27477,98,98,98,3,정상
28119,98,98,98,3,정상
28292,98,98,98,3,정상
28471,98,98,98,3,부도
28862,98,98,98,3,부도
29122,98,98,98,3,정상
29326,98,98,98,3,부도
29564,98,98,98,3,정상
30081,98,98,98,3,정상
30519,98,98,98,3,부도
31779,98,98,98,3,정상
32494,98,98,98,3,부도
33166,98,98,98,3,부도
33259,98,98,98,3,부도
33592,98,98,98,3,정상
34388,98,98,98,3,정상
34511,98,98,98,3,부도
37025,98,98,98,3,부도
37936,98,98,98,3,부도
38541,98,98,98,3,정상
38626,98,98,98,3,정상
39866,98,98,98,3,정상
40399,98,98,98,3,정상
40607,98,98,98,3,정상
40716,98,98,98,3,정상
40864,98,98,98,3,정상
41870,98,98,98,3,정상
41945,96,96,96,3,부도
42752,98,98,98,3,정상
42920,98,98,98,3,정상
43395,98,98,98,3,부도
43609,98,98,98,3,부도
43981,98,98,98,3,부도
44312,98,98,98,3,부도
44334,98,98,98,3,부도
45369,98,98,98,3,부도
45815,98,98,98,3,부도
46382,98,98,98,3,부도
47133,98,98,98,3,부도
47136,98,98,98,3,부도
47560,98,98,98,3,정상
47809,98,98,98,3,정상
49327,98,98,98,3,부도
49699,98,98,98,3,부도
50528,98,98,98,3,부도
51354,98,98,98,3,정상
51941,98,98,98,3,정상
52045,98,98,98,3,정상
52471,98,98,98,3,정상
53295,98,98,98,3,정상
53484,98,98,98,3,정상
53604,98,98,98,3,부도
54965,98,98,98,3,부도
55064,98,98,98,3,정상
55073,98,98,98,3,정상
56025,98,98,98,3,정상
56548,98,98,98,3,정상
56603,98,98,98,3,부도
57132,98,98,98,3,정상
57203,98,98,98,3,부도
57499,98,98,98,3,부도
57858,98,98,98,3,정상
60015,98,98,98,3,정상
60706,98,98,98,3,정상
62315,98,98,98,3,정상
62661,98,98,98,3,정상
62669,98,98,98,3,정상
62907,98,98,98,3,부도
65224,98,98,98,3,부도
65578,98,98,98,3,정상
65621,98,98,98,3,정상
65976,98,98,98,3,정상
66872,98,98,98,3,정상
67752,98,98,98,3,정상
68565,98,98,98,3,부도
68986,98,98,98,3,정상
69338,98,98,98,3,부도
69479,96,96,96,3,부도
69664,98,98,98,3,부도
70097,98,98,98,3,정상
70847,98,98,98,3,부도
70962,98,98,98,3,부도
71628,98,98,98,3,부도
71638,98,98,98,3,정상
72518,98,98,98,3,부도
72671,98,98,98,3,부도
72768,98,98,98,3,부도
73066,98,98,98,3,부도
73214,98,98,98,3,부도
76699,98,98,98,3,정상
77221,98,98,98,3,정상
77888,98,98,98,3,부도
78209,98,98,98,3,부도
78356,98,98,98,3,부도
78620,98,98,98,3,부도
78919,98,98,98,3,정상
79019,98,98,98,3,부도
79419,98,98,98,3,정상
79554,98,98,98,3,부도
79747,98,98,98,3,부도
79863,98,98,98,3,정상
80342,98,98,98,3,정상
81461,98,98,98,3,부도
82424,98,98,98,3,부도
83520,98,98,98,3,정상
84077,98,98,98,3,부도
84168,96,96,96,3,부도
84258,98,98,98,3,부도
84795,98,98,98,3,정상
84806,98,98,98,3,부도
85094,98,98,98,3,정상
86167,98,98,98,3,부도
87028,98,98,98,3,부도
87920,98,98,98,3,정상
88079,98,98,98,3,정상
89602,98,98,98,3,정상
89954,98,98,98,3,부도
91081,98,98,98,3,정상
92080,98,98,98,3,정상
92369,98,98,98,3,부도
94107,96,96,96,3,부도
94323,98,98,98,3,정상
94631,98,98,98,3,정상
95832,98,98,98,3,정상
96004,98,98,98,3,정상
96942,98,98,98,3,부도
96964,98,98,98,3,부도
97210,98,98,98,3,부도
97828,98,98,98,3,부도
97991,98,98,98,3,정상
98032,98,98,98,3,부도
98604,98,98,98,3,정상
100143,98,98,98,3,부도
100713,98,98,98,3,부도
101091,98,98,98,3,부도
101232,98,98,98,3,부도
101242,98,98,98,3,정상
101960,98,98,98,3,부도
102241,98,98,98,3,부도
104180,98,98,98,3,부도
104483,98,98,98,3,부도
105337,98,98,98,3,부도
105375,98,98,98,3,부도
105882,98,98,98,3,부도
106061,98,98,98,3,부도
106748,98,98,98,3,부도
107186,98,98,98,3,부도
108241,98,98,98,3,부도
109068,98,98,98,3,부도
109195,98,98,98,3,정상
109250,98,98,98,3,부도
109885,98,98,98,3,정상
112111,98,98,98,3,정상
112218,98,98,98,3,정상
112631,98,98,98,3,부도
115872,98,98,98,3,부도
116842,98,98,98,3,정상
117002,98,98,98,3,부도
117615,98,98,98,3,부도
117888,98,98,98,3,정상
120050,96,96,96,3,정상
121188,98,98,98,3,부도
121237,98,98,98,3,정상
121886,98,98,98,3,부도
122001,98,98,98,3,정상
122198,98,98,98,3,부도
122335,98,98,98,3,부도
123043,98,98,98,3,정상
123578,98,98,98,3,정상
123896,98,98,98,3,부도
124138,98,98,98,3,정상
124181,98,98,98,3,정상
124732,98,98,98,3,정상
124988,98,98,98,3,부도
125383,98,98,98,3,정상
125775,98,98,98,3,정상
126088,98,98,98,3,부도
126270,98,98,98,3,부도
127081,98,98,98,3,부도
127323,98,98,98,3,부도
127509,98,98,98,3,부도
127591,98,98,98,3,부도
128140,98,98,98,3,정상
128198,98,98,98,3,부도
128625,98,98,98,3,부도
129695,98,98,98,3,부도
129864,98,98,98,3,부도
130416,98,98,98,3,부도
130553,98,98,98,3,정상
131825,98,98,98,3,정상
131894,98,98,98,3,정상
133030,98,98,98,3,정상
133386,98,98,98,3,정상
134246,98,98,98,3,정상
134594,98,98,98,3,부도
136546,98,98,98,3,부도
136683,98,98,98,3,부도
136713,98,98,98,3,부도
137841,98,98,98,3,정상
138069,98,98,98,3,부도
139198,98,98,98,3,정상
140096,98,98,98,3,부도
140276,98,98,98,3,부도
141072,98,98,98,3,정상
141401,98,98,98,3,정상
141514,98,98,98,3,부도
141889,98,98,98,3,부도
142128,98,98,98,3,정상
143716,98,98,98,3,정상
144231,98,98,98,3,부도
144587,98,98,98,3,부도
146254,98,98,98,3,부도
147129,98,98,98,3,부도
147259,98,98,98,3,부도
147775,98,98,98,3,부도
149154,98,98,98,3,부도
149240,98,98,98,3,정상
149440,98,98,98,3,부도
149770,98,98,98,3,정상
