고객 종류,인원,비율,나이 범위(가장 어림~많음),나이 중앙값(가운데 사람),월소득 중앙값,월소득 결측(명/전체),설명,전처리 방향
[이상치 269명은 어떤 고객인가 - 종류별 분류],,,,,,,,
두 가지 기준으로 나눔: (1) 신용거래 유무 = 신용카드·대출이 1건이라도 있나 / (2) 부도 여부 = 2년내 부도 났나,,,,,,,,
269명 중 267명(99%)이 신용거래 0건 → 대부분이 전형적인 씬파일러,,,,,,,,
"주의: ""중앙값""은 그 종류에서 가운데 사람 1명의 값일 뿐, 모두가 그 값은 아님 (나이 범위 칸 참고)",,,,,,,,
"""신용거래 있음"" 2명 = 연체 정보(96/98)만 없고 신용카드·대출은 조금 있는 특이 케이스. 정상=부도 안 난 사람",,,,,,,,
,,,,,,,,
씬파일러 + 부도,146명,54%,21~79세,32세,"2,200",63명 / 146명,신용거래 없고 부도까지 난 가장 위험한 고객,96/98을 결측 처리 + 연체 없음 표시. 대안 데이터로 위험을 잡아내야 함
씬파일러 + 정상,121명,45%,21~72세,26세,"2,000",58명 / 121명,신용거래 없지만 아직 정상. 평가가 가장 애매한 핵심 대상,96/98을 결측 처리. 전통 데이터로는 평가 불가 → 대안 데이터가 필요한 대표 집단
신용거래 있음 + 부도,1명,0%,44~44세,44세,"6,283",0명 / 1명,금융 이력이 조금 있으면서 부도난 고객,96/98만 결측 처리하고 나머지 전통 데이터는 그대로 활용
신용거래 있음 + 정상,1명,0%,35~35세,35세,"1,700",0명 / 1명,금융 이력이 조금 있고 정상인 고객,96/98만 결측 처리하고 나머지 전통 데이터는 그대로 활용
