항목,이상치 고객(연체기록 없음),일반 고객,해석
[이상치(96/98) 고객 프로필 분석],,,
원본 cs-training.csv에서 연체 컬럼에 96/98(불가능한 값=정보 없음)을 가진 269명이 어떤 고객인지 분석,,,
"96/98은 실제 연체 횟수가 아니라 ""정보 없음""을 뜻하는 코드값 (2년에 연체 98번은 불가능)",,,
결론: 신용거래가 없는 젊은 씬파일러로 추정됨,,,
"주의: ""중앙값""은 269명 중 가운데 사람 1명의 값일 뿐, 모두가 그 값은 아님 (나이는 21~79세로 다양)",,,
,,,
인원수,269명,"149,731명",연체 기록이 96/98(정보 없음)로 채워진 고객은 전체의 0.18%뿐
부도율,55%,7%,이상치 고객의 부도율이 8배 이상 높음 → 단순 오류가 아니라 위험 신호
나이(중앙값),29세,52세,이상치 고객이 훨씬 젊음 → 사회초년생으로 추정
월소득(중앙값),"2,168","5,400",이상치 고객의 소득이 절반 이하
신용거래 개설 수(중앙값),0건,8건,이상치 고객은 신용카드·대출이 아예 없음
신용거래가 0건인 비율,99%,1%,이상치 고객의 99%가 금융거래 자체가 없음 → 씬파일러의 핵심 특징
월소득 정보가 없는 비율,45%,20%,이상치 고객은 소득 정보마저 절반 가까이 비어 있음
